task_id,instance,objective_value,runtime,feasible,status,time_limit,solution_path
bierwirth2017,tiny,2197,3.75,True,optimal,300,tasks/bierwirth2017/gurobi_solution/tiny_solution.json
bierwirth2017,large_1,30879.999981000001,3600.3499999999999,True,feasible,3600,tasks/bierwirth2017/gurobi_solution/large_solution_1.json
bierwirth2017,large_2,31916,3601.4000000000001,True,feasible,3600,tasks/bierwirth2017/gurobi_solution/large_solution_2.json
bierwirth2017,large_3,31805,3600.3299999999999,True,feasible,3600,tasks/bierwirth2017/gurobi_solution/large_solution_3.json
bierwirth2017,large_4,30402,3600.4699999999998,True,feasible,3600,tasks/bierwirth2017/gurobi_solution/large_solution_4.json
bierwirth2017,large_5,28244,3600.3200000000002,True,feasible,3600,tasks/bierwirth2017/gurobi_solution/large_solution_5.json
liao2020,tiny,1263.60121024,0.16487140953540802,True,optimal,300,tasks/liao2020/gurobi_solution/tiny_solution.json
liao2020,large_1,10968.986176580005,2592.4579723719507,True,optimal,3600,tasks/liao2020/gurobi_solution/large_solution_1.json
liao2020,large_2,8917.1620976699942,474.36255008913577,True,optimal,3600,tasks/liao2020/gurobi_solution/large_solution_2.json
liao2020,large_3,10955.757468749998,1956.286275235936,True,optimal,3600,tasks/liao2020/gurobi_solution/large_solution_3.json
liao2020,large_4,11154.485329549996,2217.2027039770037,True,optimal,3600,tasks/liao2020/gurobi_solution/large_solution_4.json
liao2020,large_5,11396.456988589993,1295.2951400289312,True,optimal,3600,tasks/liao2020/gurobi_solution/large_solution_5.json
walteros2020,tiny,7,6.4100000000000001,True,2,300,tasks/walteros2020/gurobi_solution/tiny_solution.json
walteros2020,large_1,35,37.579999999999998,True,2,3600,tasks/walteros2020/gurobi_solution/large_solution_1.json
walteros2020,large_2,2,36.689999999999998,True,2,3600,tasks/walteros2020/gurobi_solution/large_solution_2.json
walteros2020,large_3,4,96.739999999999995,True,2,3600,tasks/walteros2020/gurobi_solution/large_solution_3.json
walteros2020,large_4,6,88.629999999999995,True,2,3600,tasks/walteros2020/gurobi_solution/large_solution_4.json
walteros2020,large_5,2,36.340000000000003,True,2,3600,tasks/walteros2020/gurobi_solution/large_solution_5.json
